id,Unknown,Dawn,Daylight,Dark_Road_Lighted,Dusk,Dark_Road_Unlighted
Queens,3280,392,11336,5031,623,112
Bronx,1669,193,6160,2562,443,82
Kings,2850,391,11443,5261,692,95
Wheatland,10,7,50,4,5,59
Scott,,1,13,2,1,5
Herkimer,10,5,101,20,3,22
Stafford,6,3,56,6,3,69
Bethany,2,5,30,,1,33
La Grange,21,9,294,16,17,109
Tuxedo,6,4,156,11,11,72
De Ruyter,1,1,15,1,,9
New York,1752,240,6988,3661,440,79
Wales,12,7,27,5,1,25
Warwick,23,14,292,33,17,143
Westport,1,,19,,2,21
Seneca,,1,52,1,,21
Moravia,5,1,27,2,4,18
--Select Value--,870,71,1776,381,95,362
Malta,9,11,219,31,11,84
Rosendale,8,2,75,16,3,49
Buffalo,463,57,2951,1193,170,28
Carrollton,1,1,18,1,1,13
Onondaga,20,11,254,53,10,85
Mamakating,7,11,129,2,8,88
Lysander,4,14,135,18,8,67
Southampton,76,16,972,134,42,180
Chazy,5,3,32,2,2,25
Upper Brookville,1,1,33,5,,4
Babylon,202,57,2551,870,89,80
Poughkeepsie,163,20,855,238,40,36
West Seneca,62,24,497,159,32,79
Rochester,280,58,3192,1205,123,108
Springville,9,,32,8,2,4
Massapequa Park,7,2,163,51,6,2
Hempstead,316,126,9775,3377,297,89
Oyster Bay,123,49,4484,1227,120,78
Riverside,,,22,4,2,5
Taghkanic,3,4,29,,2,23
Syracuse,214,39,1999,771,63,61
North Hempstead,84,21,2361,625,79,40
Huntington,200,45,2927,987,133,98
Esopus,10,6,113,22,6,54
Russell,2,3,14,2,,14
Kirkland,5,4,89,14,2,50
German,1,,2,,,2
Sand Lake,4,,76,13,3,31
Wayland,6,5,52,2,4,38
Endicott,21,4,151,44,8,4
Gorham,3,3,45,,3,36
Brookhaven,443,111,5173,1796,194,460
Malone,15,7,179,27,6,45
Old Brookville,1,1,63,9,2,7
Oswego,35,3,315,96,13,29
Farmingdale,8,2,175,65,6,
Lake Grove,10,1,148,41,10,9
Colonie,113,14,1342,261,61,190
New Bremen,5,2,20,,,16
Amherst,202,29,1669,343,70,140
Victor,22,13,292,40,25,104
Lloyd,2,4,190,56,17,46
Orangetown,23,8,449,109,20,87
Utica,39,15,743,201,19,42
Garden City,44,4,615,156,19,4
Alexander,2,5,32,3,1,44
Mayfield,1,2,65,7,4,40
Pamelia,5,4,72,,4,42
Richmond,646,80,2756,1018,145,72
Wawarsing,8,13,137,17,6,62
Putnam Valley,9,13,203,2,10,103
Lynbrook,11,,395,105,15,3
Clarence,50,12,310,72,8,38
Carmel,38,8,371,70,23,78
Sleepy Hollow,17,1,64,17,6,
Napoli,,1,7,,,13
Schenectady,72,13,901,276,37,37
Watertown,41,11,505,124,23,59
Stockholm,4,6,49,,3,48
Greenville,20,9,133,3,11,93
Hastings,4,4,56,3,2,49
Kingsbury,4,4,73,11,1,22
Ossining,39,2,73,8,5,26
Upper Nyack,2,1,12,5,1,7
Valley Stream,27,2,523,175,13,7
Haverstraw,10,7,236,74,14,29
Amsterdam,30,12,333,66,14,55
Chenango,7,4,175,25,8,61
Irondequoit,35,13,439,132,8,28
Guilderland,27,9,431,94,19,70
Albany,139,31,2156,526,66,198
West Haverstraw,6,3,67,24,6,3
Ithaca,48,11,689,151,27,86
Warsaw,5,11,104,11,8,50
Camden,3,9,43,3,4,60
Manchester,8,8,94,6,5,71
Southeast,13,13,402,29,10,150
Coxsackie,5,9,61,7,7,48
Milton,5,8,115,7,3,75
Enfield,2,3,29,,7,30
Frankfort,6,4,63,2,6,37
Binghamton,83,11,513,143,23,66
Austerlitz,3,1,17,1,2,18
Cedarhurst,14,,190,54,5,2
Gardiner,16,7,68,4,9,57
Bolton,8,1,30,4,,19
Union,11,6,241,63,10,39
Newark,7,,126,40,7,10
Claverack,5,11,77,4,6,49
Chatham,7,4,86,6,8,52
Clifton Park,31,15,499,67,17,126
Mount Pleasant,48,10,322,30,19,79
Queensbury,34,10,462,64,16,101
Horseheads,12,9,233,40,13,71
Bedford,28,10,340,24,10,77
Ira,,2,16,2,,16
Friendship,,1,21,1,1,7
Verona,8,10,123,21,5,81
Kinderhook,5,6,70,8,3,36
Pembroke,6,9,94,14,4,76
Colton,5,2,41,2,3,16
New Windsor,17,12,507,115,24,98
Chester,21,17,240,24,18,118
Stanford,10,6,42,,4,35
Williamsville,41,1,106,17,7,4
Depew,17,3,217,63,11,7
Kingston,17,1,420,93,15,20
Lancaster,39,18,300,104,23,30
Liverpool,8,1,60,12,5,3
Vestal,24,11,347,98,14,45
Clarkstown,55,28,1324,305,58,184
Clayton,10,6,36,5,3,26
White Plains,56,25,827,239,34,41
Pleasantville,12,2,79,20,5,11
Paris,4,4,42,4,3,23
Ilion,4,4,77,19,3,4
Palatine,4,,20,2,1,16
Wilson,3,1,26,5,2,20
Lawrence,4,1,91,24,,32
New Rochelle,141,12,396,141,17,24
Jamestown,30,5,384,114,11,10
Pittstown,4,3,41,4,3,51
Moreau,5,2,118,17,5,53
Hamburg,49,26,678,280,38,44
Cortlandville,11,3,205,31,12,68
East Aurora,12,2,72,12,3,5
Potter,2,7,13,,2,18
Sidney,4,2,72,8,4,28
Wilton,15,9,234,23,13,72
Sodus,4,8,64,5,4,50
Plattekill,4,7,107,12,7,82
Cortlandt,18,10,411,48,15,119
Geddes,9,13,200,33,12,63
Highland Falls,4,1,28,10,,
Rotterdam,24,8,340,84,7,63
New Hartford,11,5,313,54,18,67
Mohawk,3,1,61,9,3,30
Newburgh,65,22,1102,289,40,227
Hector,7,6,55,1,7,58
Red Hook,14,8,138,12,1,48
Cornwall On Hudson,3,2,19,7,,3
Delaware,2,1,29,2,2,14
Schaghticoke,8,2,80,7,1,36
Irvington,6,1,50,7,,7
Elmira,37,5,303,67,5,21
Dewitt,29,9,584,104,28,101
Fishkill,52,6,334,68,19,80
Hanover,6,6,65,7,6,44
Tonawanda,103,17,637,153,26,70
Greece,57,34,893,251,29,86
Kirkwood,8,10,139,25,2,77
Middleburg,7,,24,2,3,16
Salina,22,6,419,119,12,76
New Baltimore,3,4,63,4,6,43
Pittsford,36,8,326,68,10,65
East Fishkill,25,24,369,23,23,161
Troy,87,14,406,152,18,20
Brighton,39,25,933,216,28,71
Tuxedo Park,2,,1,,,
Smithtown,109,21,1308,449,47,37
Henrietta,60,15,551,160,20,97
Geneseo,12,6,150,23,5,82
Long Beach,31,4,376,93,17,3
Laurel Hollow,1,,7,2,1,
Wallkill,32,26,704,93,30,238
Batavia,13,16,412,78,20,122
Port Chester,19,2,404,114,7,11
Stockton,2,2,18,,2,16
Litchfield,1,2,14,,,10
Riverhead,32,21,736,214,33,72
Niagara Falls,45,11,685,254,18,48
Java,1,6,30,2,2,25
Orchard Park,33,19,404,134,22,61
Plattsburg,20,5,628,126,29,48
Lackawanna,20,7,107,48,8,7
Southold,18,10,312,88,11,79
Monroe,21,7,274,44,13,79
Mount Vernon,101,7,248,59,14,19
Glenville,10,5,271,51,10,59
Johnson City,25,12,186,47,8,11
Gates,26,10,616,144,21,51
Rockville Centre,50,1,253,82,11,3
West Sparta,1,5,21,1,3,23
Arcadia,7,3,58,1,5,61
Cuba,5,4,51,3,3,26
Crawford,8,3,81,14,3,46
Pleasant Valley,5,6,173,15,10,56
Rushford,2,,19,,1,9
Harrietstown,4,5,40,3,1,30
Oneonta,18,6,205,37,5,54
Liberty,21,4,176,14,3,59
Oneida,7,7,140,30,5,45
Corning,11,6,210,36,6,52
Freeport,98,7,473,138,16,1
Evans,10,7,136,80,19,35
Cobleskill,9,,128,14,6,28
Maine,8,4,67,7,1,58
Islip,318,84,3967,1436,162,206
Saratoga Springs,32,11,686,194,28,64
Whitestown,5,3,91,10,4,44
Farmington,10,15,122,10,7,67
Potsdam,13,13,172,38,15,91
Allegany,7,6,189,11,14,76
Manlius,20,15,302,66,10,97
Summerhill,1,1,12,,1,12
Geneva,23,5,101,26,4,28
New Paltz,23,8,276,40,18,101
North Hills,4,9,408,133,15,10
Amityville,6,1,216,66,9,4
Riga,3,6,50,8,2,48
North Salem,9,1,129,5,7,47
Marshall,4,,31,,2,23
Brownville,6,4,24,4,2,27
Ephratah,2,4,14,2,1,11
Ischua,1,2,11,,2,9
Central Square,3,2,27,6,2,1
Cicero,12,15,480,63,15,84
Windsor,4,3,72,6,8,56
Keene,2,,33,4,2,19
Pelham Manor,5,3,103,24,4,7
Southport,3,4,86,14,2,27
Norwich,12,10,115,27,13,54
Chestnut Ridge,5,2,96,18,2,25
Goshen,14,21,339,28,7,155
Triangle,1,1,25,,1,14
Lockport,48,16,461,108,8,101
Yonkers,233,29,1143,343,58,104
Cold Spring,3,2,24,5,1,14
Elbridge,7,5,67,9,2,56
Nyack,19,2,131,24,6,9
Wright,2,2,8,,1,2
Schodack,14,3,141,18,8,86
Busti,7,3,55,5,3,39
East Hampton,35,14,332,40,18,86
Ramapo,13,13,597,171,23,103
Owasco,2,3,24,5,2,13
Old Westbury,12,15,482,87,13,67
Campbell,3,3,62,2,4,34
Pomfret,7,3,80,8,2,47
Vienna,4,6,40,1,6,45
Auburn,34,7,282,87,14,10
Brutus,,2,45,3,3,49
Highland,2,1,21,,1,11
Hyde Park,12,4,287,32,12,95
Throop,2,3,21,1,2,20
Chili,22,8,234,62,8,67
New Berlin,9,2,18,4,7,18
Erin,1,2,11,,,18
Kent,2,8,136,2,11,72
Clarkson,4,4,42,12,1,25
New Hempstead,5,2,59,22,4,8
Bethlehem,29,16,407,60,10,92
Lindenhurst,21,2,241,96,5,4
Richfield,,1,14,1,2,18
Wappinger Falls,13,7,86,13,1,5
Candor,1,4,39,4,2,24
Skaneateles,17,2,102,24,9,41
Solvay,3,3,30,12,,2
Oyster Bay Cove,3,1,29,5,3,3
Cornwall,14,15,172,29,8,81
Rush,8,5,44,6,4,37
Pittsfield,4,3,24,1,2,10
Grand Island,18,6,112,25,11,25
Avon,9,9,85,16,3,68
Manheim,5,,8,,2,11
Middletown,40,8,361,94,13,38
Clinton,9,8,95,6,3,61
Lake George,9,4,108,13,8,33
Trenton,4,1,41,3,5,44
Wheatfield,7,6,222,33,9,28
Plainfield,,1,8,,,7
Deposit,6,,31,1,4,12
Collins,4,2,17,3,1,17
Clay,29,9,567,135,19,79
Clermont,1,,20,2,,13
Olean,17,5,225,55,4,28
Johnstown,11,3,226,32,11,62
Lewiston,12,4,136,36,7,25
Newfield,5,5,53,4,3,51
Williston Park,5,,60,24,1,
Flower Hill,1,1,134,25,6,7
Owego,16,13,189,26,9,75
Brunswick,10,7,173,31,10,61
Ulster,16,11,477,54,9,94
Italy,3,,15,,1,20
Schroeppel,4,1,62,8,7,48
Greenburgh,57,13,789,148,15,106
Cheektowaga,146,15,985,253,37,88
Cazenovia,5,4,74,6,7,42
Fulton,6,6,236,50,9,11
Bath,10,5,137,17,7,57
Harrison,33,7,303,58,11,74
Niskayuna,8,2,311,62,12,22
Homer,12,6,87,3,2,49
Charleston,,2,17,,,12
Eden,6,5,49,23,3,19
Lansing,15,10,184,16,8,97
Briarcliff Manor,20,1,98,11,7,20
Halfmoon,18,6,309,36,8,71
Glen Cove,27,3,197,54,7,14
Pavilion,4,5,40,4,1,43
Patchogue,17,3,106,49,5,4
Westbury,14,11,384,145,12,3
Baxter Estates,,,10,3,1,
Spring Valley,14,,274,83,15,6
Ulysses,9,7,53,1,7,59
Ticonderoga,4,3,76,15,3,26
Farmersville,4,3,15,1,2,12
Massena,15,4,136,25,8,29
Catskill,9,7,160,12,10,73
Camillus,18,12,291,74,12,66
Big Flats,4,6,116,4,7,59
Arcade,3,4,65,6,7,26
Chautauqua,5,3,46,4,1,24
Newstead,14,4,60,9,5,35
North Castle,13,4,204,21,10,50
Romulus,2,5,21,,3,22
Perinton,37,9,324,62,21,60
Benton,2,3,20,1,1,31
Ogden,6,10,109,15,7,66
Dansville,10,3,63,8,5,25
Tuscarora,1,2,32,2,2,17
Rhinebeck,23,16,198,18,10,86
Ohio,1,,12,,,7
Webster,36,14,359,61,7,91
Rose,1,,11,,1,9
Ledyard,6,,8,,2,11
Le Roy,2,,35,8,1,
Yorkshire,1,2,37,1,1,17
Mt. Morris,4,3,42,13,4,36
Hinsdale,7,2,36,1,5,30
Easton,3,7,43,,2,24
Almond,6,2,14,1,4,18
Chemung,9,1,49,,3,27
Glens Falls,12,,293,52,5,9
Veteran,,3,33,1,1,29
Tully,4,4,53,1,6,28
Canandaigua,32,15,270,65,14,78
Niagara,10,1,190,38,6,11
Leroy,12,5,67,7,4,76
Alfred,1,4,33,3,3,21
Phelps,9,10,112,4,9,84
Hudson,16,4,69,20,3,2
Mina,1,1,26,2,,8
Wayne,,2,15,,,9
Thompson,11,9,207,15,5,94
Waddington,4,1,20,7,4,20
Portville,3,,22,3,1,15
Richland,5,4,49,2,4,43
Floral Park,8,,145,35,1,
Red House,1,,8,,,7
Harriman,5,2,39,6,1,4
Augusta,2,1,11,,,13
Pendleton,5,4,72,16,5,32
Prattsville,1,2,5,2,1,6
Hopewell,,2,89,6,4,26
Lenox,1,5,70,5,5,39
Rockland,8,3,49,6,7,48
Sterling,1,3,20,1,1,15
Albion,12,5,95,13,5,41
Stockbridge,1,2,19,,2,22
Gainesville,4,6,28,1,1,27
Williamson,7,1,54,11,1,24
Gouverneur,3,1,77,7,4,21
Bristol,6,2,21,,3,44
Highlands,7,6,139,9,8,45
Aurelius,,4,42,4,1,35
Shawangunk,2,9,88,6,6,68
Yorktown,38,17,484,61,15,127
Stony Creek,,1,3,,1,2
Cortland,15,3,320,71,9,20
Green Island,7,2,20,8,1,7
Plymouth,4,3,10,,4,12
Ballston Spa,12,2,71,12,1,3
Scotia,1,1,68,24,4,
North Greenbush,10,4,234,23,10,46
Nassau,4,2,41,1,1,27
Hurley,7,2,72,2,4,27
East Greenbush,19,6,202,36,3,61
Newfane,4,7,59,14,3,49
Ontario,13,6,81,7,3,51
Elma,21,8,138,35,12,44
Ballston,12,7,106,13,5,26
Sheldon,2,13,42,2,1,34
Mount Kisco,21,2,50,9,5,6
Mechanicville,5,1,40,16,2,1
Oswegatchie,6,2,52,6,3,45
Brasher,,,33,1,3,17
East Syracuse,2,,96,14,2,15
Marcellus,5,2,49,7,1,33
Eastchester,18,7,225,71,13,13
Parma,8,4,93,23,5,49
Ellenville,4,1,45,8,3,4
Peekskill,25,5,189,62,7,22
Lloyd Harbor,1,,18,,1,15
Hastings On Hudson,10,1,42,16,3,6
Wellsville,6,4,60,13,3,17
Baldwinsville,9,2,79,12,1,8
North Harmony,4,6,38,2,4,21
Falconer,3,2,28,8,1,3
Rensselaer,6,2,81,28,4,6
Brockport,9,1,84,15,3,4
Larchmont,13,,112,15,1,1
Andes,7,,13,,1,6
Spafford,3,3,17,,,12
Tyre,2,7,54,,1,28
Richmondville,2,1,28,1,3,22
Penfield,39,9,360,77,15,74
Dobbs Ferry,10,5,134,46,5,14
Dickinson,6,1,126,30,2,21
Montebello,4,1,66,10,1,12
Lowville,12,8,57,8,1,33
Port Henry,1,,6,2,,
Otisco,3,,19,2,2,9
Macedon,14,3,79,8,5,40
Mineola,10,,299,94,10,2
Florida,5,4,87,10,4,47
Wolcott,6,2,35,2,,11
Coventry,,6,16,1,1,8
Westhampton Beach,3,1,48,6,,
Covert,5,3,15,,2,19
Amenia,,4,48,1,3,19
Mamaroneck,29,4,329,110,12,7
Denmark,4,4,19,,,11
Fleming,2,1,33,3,4,21
Eaton,3,3,46,3,8,46
New Castle,20,3,195,18,13,54
Murray,4,3,34,,3,29
Sweden,6,8,99,23,2,34
Wilmington,2,1,14,4,1,14
Stony Point,12,6,166,50,14,36
Byron,5,3,35,3,2,24
Jasper,1,2,18,,2,11
Lumberland,4,,16,,2,17
Woodstock,4,,60,1,3,18
Saugerties,15,4,228,37,10,71
Tarrytown,27,5,158,48,6,28
Stephentown,1,,21,,,21
Vernon,11,6,62,4,,54
Esperance,4,1,15,2,1,16
Sullivan,5,12,108,7,8,67
West Winfield,1,,3,2,1,2
Northampton,,3,20,2,1,13
Suffern,11,1,97,21,6,15
Lattingtown,1,,33,7,,4
Waverly,6,1,46,11,2,10
Alden,11,1,58,29,4,10
North Tonawanda,36,7,166,60,6,4
Winfield,,2,21,,,4
Washington,2,6,54,1,2,29
Lake Success,9,2,320,86,10,6
Cambria,1,5,59,14,3,28
Kenmore,22,1,110,38,4,
Conesus,8,7,24,,2,31
Stamford,2,2,25,3,,8
Fonda,1,,16,3,1,
Ellisburg,4,6,48,2,2,36
Aurora,15,6,68,13,3,28
Mansfield,2,1,18,,,7
Elmsford,18,4,235,25,5,41
Somerset,5,,10,2,2,10
Willsboro,4,1,14,2,3,18
Thomaston,1,1,23,7,,1
Johnsburg,4,5,59,5,5,30
Patterson,7,9,131,10,7,54
Elizabethtown,2,3,34,3,2,15
Marcy,5,7,116,10,8,48
Marlborough,8,2,102,20,8,30
Oneida Castle,1,,6,3,,
Watervliet,8,,98,29,4,15
Pine Plains,7,,34,2,2,20
Niles,,4,10,,1,9
Rye,16,1,136,45,9,4
Champion,3,4,27,3,2,18
Fenton,5,8,48,11,4,38
New Hyde Park,12,1,120,49,5,
Masonville,2,2,18,,2,10
Boonville,8,2,54,1,3,48
Franklin,10,6,59,5,2,43
Leicester,4,2,39,4,1,38
Mendon,26,14,75,8,9,58
Wawayanda,13,7,175,7,12,96
Sandy Creek,2,3,38,,6,28
East Otto,4,1,12,,,5
Corinth,2,3,58,5,2,20
East Rockaway,5,4,84,27,2,
Westford,1,2,4,,1,1
Hume,2,,16,2,,11
Pelham,9,2,118,31,4,11
Islandia,11,2,199,77,10,2
Cairo,3,10,86,4,7,60
Waterloo,10,5,92,17,2,26
Seneca Falls,7,2,104,16,6,18
Savannah,2,3,15,,2,14
Granby,6,1,49,7,1,23
Ellicott,12,4,121,20,8,40
Van Buren,9,6,143,26,7,70
Watson,1,2,18,,3,12
Schuyler Falls,5,2,45,2,5,26
Scarsdale,32,1,156,27,10,18
Sherburne,8,4,42,5,5,24
Northport,10,,65,21,5,2
Genesee,2,,10,,2,12
Floyd,,6,45,4,3,29
Minisink,6,3,32,1,1,25
Fenner,2,3,23,,2,23
Broadalbin,3,2,43,4,3,29
South Nyack,,1,83,12,5,18
Richford,1,1,22,1,1,9
Sparta,3,9,21,,3,30
Hornby,2,1,14,,3,11
Wappinger,11,11,267,49,8,75
Union Vale,2,2,45,1,4,22
Lewisboro,11,2,129,2,6,40
Le Ray,3,7,99,2,5,39
East Hills,6,5,185,49,3,12
Danby,4,2,42,1,4,39
Boston,7,3,65,12,8,26
Northhaven,,,8,,1,5
Conklin,7,3,43,12,3,18
Sag Harbor,2,2,56,15,2,
Somers,29,4,222,19,15,72
Lima,5,6,28,7,1,30
Walden,4,,54,12,,6
Hamlin,3,2,36,5,1,17
South Glens Falls,3,1,63,16,1,
Fultonville,,,19,5,1,5
Waterford,3,6,66,24,1,5
Junius,,2,42,1,2,15
Afton,2,4,23,1,3,26
Brookville,2,2,74,15,1,5
Blooming Grove,9,11,135,5,6,102
West Monroe,2,1,30,5,,19
North Norwich,1,1,28,,1,28
Royalton,4,7,66,12,2,49
Dryden,13,14,200,6,17,111
Hancock,9,6,95,1,10,56
Darien,4,9,42,7,5,81
Westerlo,14,3,30,3,3,27
Norfolk,1,4,47,4,6,46
Hoosick,7,7,73,7,,29
Rodman,4,1,18,1,1,13
Ashland,4,2,22,,,10
Roslyn,9,,105,23,1,2
Morris,5,4,22,,1,12
Whitehall,4,3,44,5,3,11
Port Washington North,4,2,19,6,,2
Leon,1,,4,,1,4
Duanesburg,7,5,94,2,4,66
Livingston,5,6,28,4,1,29
Western,3,5,24,,3,29
Dover,7,4,78,6,4,29
Fort Ann,3,5,59,5,3,31
Granville,5,3,59,7,3,24
Willing,2,,11,,,8
Cuyler,2,,3,1,,11
Concord,8,3,50,9,3,36
Rome,35,15,335,75,16,87
Stuyvesant,1,1,21,2,,9
Westmoreland,9,3,85,7,5,77
Bangor,3,1,15,3,1,22
Bennington,1,7,26,2,3,31
Port Jervis,5,2,149,38,,4
Scottsville,5,2,3,4,1,1
Canton,12,6,121,13,8,60
Minoa,1,,8,2,1,1
Muttontown,3,,41,6,1,4
Long Lake,7,,32,5,2,5
Wesley Hills,,,35,12,2,8
Van Etten,3,1,19,,,13
Gloversville,20,1,111,25,2,4
Adams,4,10,66,3,4,31
Barton,3,3,31,,3,24
Lyons Falls,,1,4,1,,2
St. Armand,1,2,11,3,1,12
Hillburn,2,4,26,1,1,10
Virgil,2,2,56,1,3,29
Carthage,2,,27,9,1,
,1,2,75,25,3,4
Fallsburgh,5,5,118,25,8,41
Hamilton,10,7,48,12,4,22
Bethel,3,2,45,7,4,28
Sanford,4,7,41,,2,29
Montgomery,18,10,211,36,13,100
Saranac Lake,6,,59,10,2,6
Watkins Glen,7,,48,5,2,2
Springwater,1,1,22,2,1,26
Crown Point,6,,31,2,2,19
Little Falls,5,5,72,14,2,16
Guilford,3,7,22,,1,26
Scipio,3,7,20,1,,25
Lindley,2,1,20,1,2,18
Rye Brooke,8,,88,16,3,7
Jackson,3,1,22,,1,17
Angelica,4,2,18,1,1,11
Peru,2,2,69,4,7,25
Lincoln,1,1,29,,1,15
Beacon,6,2,125,28,3,12
Great Neck Plaza,2,,127,20,2,1
Poestenkill,4,6,26,1,4,33
Jerusalem,,6,45,,4,33
Barker,,2,58,2,1,36
Fredonia,12,,63,17,,3
Black Brook,3,3,23,4,2,8
Preble,3,2,24,1,2,18
Wethersfield,1,5,16,,,23
Brant,3,2,25,6,1,19
Pawling,8,3,94,5,3,26
Pierrepont,4,5,23,3,,20
Fayette,6,3,45,1,1,18
Hammond,4,,14,1,,9
Livonia,8,6,98,16,6,58
Meredith,,1,27,1,2,21
New Scotland,2,7,81,3,7,39
Caledonia,1,3,29,4,3,33
Minden,3,,29,,2,29
Ghent,5,3,48,2,2,39
Amboy,1,3,8,,,16
Greenwich,8,2,41,5,9,20
Turin,3,3,10,1,2,23
Cayuta,2,1,16,1,1,8
Forestport,3,,28,2,4,16
Harmony,1,,11,,1,9
Hornell,17,,53,20,3,3
Churchville,4,,5,1,1,4
Fairport,10,1,38,11,1,2
Poland,1,4,28,7,2,24
Beekmantown,2,4,57,2,3,35
Scriba,3,1,43,8,3,23
Varick,1,2,10,1,2,15
Bergen,1,3,30,3,4,37
Exeter,2,4,18,3,2,16
Lyonsdale,1,1,9,,,4
Greenport,7,6,96,15,5,21
Otego,5,3,33,,3,27
Milford,4,2,53,4,2,37
North Syracuse,13,3,110,24,2,22
Ogdensburg,13,,100,37,3,2
Lee,3,4,40,3,4,37
Carlisle,4,2,12,1,1,11
Burlington,8,1,11,,1,13
Lisbon,11,8,56,,5,53
Marbletown,7,3,92,8,9,47
Hornellsville,6,4,62,4,8,55
Castile,6,1,28,5,1,20
Erwin,6,5,86,13,1,24
Conewango,1,,6,,,3
Athens,3,6,45,5,3,38
Menands,4,,116,15,2,25
Dix,1,1,22,2,,15
Dunkirk,14,3,155,39,9,15
Washingtonville,3,4,55,22,1,6
Shelby,5,8,27,4,,34
Worcester,2,3,29,2,2,21
Edwards,2,1,8,1,,3
Fremont,2,3,34,2,2,40
Tioga,2,6,28,,1,21
Oakfield,4,5,24,3,1,28
Catt.,3,1,30,2,2,19
St. Regis,,,27,2,3,11
Clifton,1,1,11,1,,2
Scio,3,1,20,,2,14
Marion,,3,23,6,1,22
Whitesboro,4,1,46,12,1,3
Springport,1,2,15,,1,11
Cohocton,5,1,35,,2,33
Sherrill,1,,5,2,,2
East Rochester,4,1,64,11,4,1
Hoosick Falls,2,,15,6,,1
Elba,7,2,26,,,33
Chesterfield,1,3,17,,3,18
Willet,1,4,10,1,1,6
Phillipstown,2,14,111,1,8,57
Forestburgh,6,,15,1,2,10
Constantia,3,1,12,4,,19
Orangeville,1,3,25,,2,42
Medina,6,4,70,15,1,11
Caneadea,1,1,6,2,1,6
Deerpark,6,2,95,6,4,53
Ardsley,12,,58,15,4,10
Grafton,1,1,16,1,1,7
Middlesex,1,2,19,2,,18
Truxton,1,2,13,,1,14
Windham,3,2,32,4,1,10
Canaan,3,1,45,2,4,27
Parishville,1,5,26,4,2,19
Fayetteville,10,3,39,7,1,2
Dayton,,2,13,,1,17
Mount Hope,3,2,27,1,5,16
Groton,5,7,37,3,4,38
Greenwood,2,2,12,,2,9
Tannersville,,,7,4,,
Nelson,4,3,19,,4,17
Monticello,6,,115,29,4,10
German Flatts,,,17,3,1,25
Howard,1,4,27,1,2,12
Galway,5,5,33,,3,18
Mooers,1,6,26,1,2,21
Hudson Falls,1,,41,11,1,3
Croton On Hudson,21,2,17,5,,5
Lodi,,3,11,2,3,9
Annsville,,5,25,2,3,22
Croghan,1,4,19,,3,15
Ripley,2,1,34,2,2,22
Cohoes,6,5,154,41,5,17
Ellenburg,2,2,32,2,3,18
Victory,,1,12,,2,9
Conquest,2,,16,,,12
Neversink,3,1,33,1,4,14
Volney,6,2,41,3,2,35
Sennett,2,3,65,11,10,54
Sharon,,1,15,,2,17
Sheridan,2,4,61,2,1,34
Franklinville,4,3,19,3,,10
Montour Falls,1,1,16,6,,7
Holland,4,4,25,5,,9
Hamden,1,1,13,,2,9
Lake Placid,5,1,48,16,1,3
Hartland,3,1,22,5,2,15
Olive,5,4,41,4,2,20
Bellport,2,,7,9,,1
Butler,,2,14,1,3,13
Attica,,4,32,3,4,34
Berne,3,3,25,,2,15
Malverne,3,1,31,17,5,
Unadilla,2,2,28,2,2,15
Edmeston,6,1,23,2,,10
Gaines,6,6,24,4,1,37
Bridgewater,,,24,1,2,14
Essex,2,,8,,1,5
North Elba,7,4,71,5,1,27
Villenova,1,2,12,,,16
Tuckahoe,8,,14,4,1,
North Collins,5,1,26,3,4,8
Barrington,,5,20,,3,17
Montour,1,1,10,,2,14
Caroga,1,,15,1,2,8
Hebron,2,,21,,,11
West Turin,3,1,12,,1,11
Covington,2,4,26,,,23
Otsego,2,5,54,,5,26
Hamptonburgh,7,5,61,1,9,48
Warrensburg,3,1,74,9,4,16
Stillwater,7,3,53,9,2,22
Ellery,4,7,36,,4,34
Edinburg,2,1,12,2,2,7
Dresden,,1,11,,1,10
Greene,9,4,65,2,3,42
Deerfield,9,,41,4,3,34
Russia,3,,5,,,14
Palermo,1,2,25,,1,17
Davenport,6,4,45,2,1,17
Madison,7,4,39,4,3,30
Spencerport,4,,43,16,1,1
Barre,5,3,15,,,31
Avoca,4,2,43,1,5,28
Lapeer,2,1,8,,,7
Westfield,4,5,57,9,,18
Cape Vincent,2,,17,2,1,11
Pompey,9,2,53,4,7,47
Evans Mills,1,,3,,1,4
Humphrey,,,7,,1,5
Salamanca,8,1,15,7,,7
Bainbridge,4,5,40,3,2,23
Glen,4,,36,2,2,22
Yorkville,1,2,50,4,1,2
Urbana,1,4,15,,2,12
Webb,6,,34,2,1,10
Port Jefferson,10,,84,30,5,4
Brocton,2,1,4,1,,1
Altona,4,3,38,1,1,36
Pike,1,3,19,,1,19
Lewis,2,1,43,3,2,22
Millbrook,7,1,16,1,1,6
Ossian,1,2,11,,2,22
Root,3,3,16,,2,27
Champlain,3,3,49,8,1,22
Beekman,6,6,97,8,8,31
Lebanon,1,5,13,,,9
Altamont,1,,8,1,1,1
Lafayette,1,1,56,3,6,44
Mcgraw,,,6,1,,1
Catlin,3,3,21,4,,14
Hobart,,1,1,,,
Walton,6,1,68,1,3,25
Sloatsburg,2,1,69,17,1,14
Hannibal,3,2,41,1,2,17
Colesville,2,5,64,2,2,52
East Bloomfield,3,4,50,6,4,35
Delhi,10,3,73,4,1,31
French Creek,1,,7,3,1,7
Lakewood,2,,38,5,,
Starkey,1,,29,,4,35
Stewart Manor,1,,20,5,2,
Schuylerville,2,1,18,5,,1
Horicon,1,1,9,1,,10
Sloan,4,,10,7,,
Stockport,2,,24,2,2,15
Columbus,2,2,15,3,3,22
Middlebury,4,6,20,1,2,34
Sangerfield,,,22,,3,21
Rathbone,1,,14,,,16
Groveland,,6,54,2,4,38
Unionville,2,,3,1,,
Perry,3,4,66,5,2,34
Columbia,,2,13,,,9
Lisle,2,3,37,2,4,22
Theresa,1,2,25,,3,18
Chateaugay,3,,33,3,2,8
Sardinia,5,5,30,2,2,19
Munsey Park,,,4,1,1,1
Mentz,3,2,16,1,1,21
Port Dickinson,2,1,23,5,,2
Red Creek,1,,1,,,1
Buchanan,1,,11,3,,
Lyme,4,2,22,1,3,13
Marathon,5,2,39,4,1,16
Morrisville,1,,16,,1,8
Lacona,,,,1,,
Mexico,8,3,45,4,2,18
Remsen,4,5,33,,5,26
Cayuga Heights,2,,17,3,1,3
Bayville,,1,43,14,1,1
Lake Luzerne,5,3,34,3,1,20
Clarendon,1,1,26,4,1,34
Cincinnatus,3,3,15,3,2,9
Alabama,3,5,46,3,,42
Lake Pleasant,4,,6,3,1,5
Schoharie,3,4,46,,3,19
Ausable,1,2,33,3,1,15
Minetto,1,1,12,5,,2
Perth,2,,40,4,,25
Hilton,1,,15,5,,6
North Dansville,2,2,28,,3,7
Tupper Lake,3,,35,5,,1
Shandaken,3,3,32,1,1,27
Porter,1,,30,3,3,15
Freeville,4,2,3,1,,
Caroline,6,2,32,1,2,18
Laurens,3,3,30,2,4,22
Ellington,1,2,10,,4,7
Colchester,4,4,27,,4,26
Saranac,4,7,55,8,3,20
Bolivar,3,1,11,,,9
Genoa,3,1,20,2,,10
Palmyra,11,7,59,5,5,23
Portland,,5,33,4,3,27
Taylor,,,5,,1,5
Macomb,1,1,8,,,3
South Valley,,1,5,,,2
Brightwaters,4,,45,8,2,2
Indian Lake,8,2,44,8,4,10
Grove,2,,9,,1,8
Rutland,7,2,30,1,1,13
Louisville,1,4,32,4,2,27
Silver Creek,3,,7,1,,
Brookfield,5,5,21,,1,33
Alexandria,1,,19,,2,18
Fowler,,5,16,3,1,12
Canastota,4,2,39,8,1,5
Galen,,5,22,,3,24
Gilboa,4,4,15,,1,12
Colden,5,1,21,8,1,4
Freedom,1,3,18,1,2,11
Cochecton,1,,18,2,2,15
Elmira Heights,2,1,26,7,2,1
Pulaski,4,2,27,4,,2
Benson,,,6,,,6
York,2,4,34,5,2,43
White Creek,3,3,23,,3,15
Roxbury,6,2,6,,3,11
Brewster,4,1,20,8,2,3
Kortright,2,2,20,,,27
Amity,,1,18,,3,14
Middlefield,,4,30,1,1,27
Henderson,3,3,17,,2,16
Quogue,1,1,17,1,1,2
Montezuma,,,21,2,1,16
Cato,1,,27,1,,24
Lyons,6,2,61,7,2,22
Schuyler,2,1,36,1,,34
Hartford,,1,23,2,2,17
Steuben,1,1,7,,1,14
Callicoon,4,2,17,1,4,15
Asharoken,,,4,,1,
Rossie,1,1,8,,,6
Arkwright,1,,15,1,1,13
Clyde,,,11,2,,4
Princetown,5,5,39,,,22
Yates,3,1,9,,2,7
Schroon,1,1,35,3,1,16
Gerry,1,2,29,2,2,16
Salem,2,2,23,2,1,11
Putnam,1,,6,,1,2
Whitney Point,2,2,19,7,2,3
Oxford,5,11,35,8,7,44
Moriah,6,1,30,6,1,7
Nunda,6,6,28,1,2,26
Knox,2,,29,1,,11
Otselic,2,2,16,2,,11
Smithville,3,5,9,1,,10
Charlton,1,4,31,,2,21
Pitcairn,3,1,9,,1,8
Great Neck,11,2,93,25,3,2
Boylston,,,4,,,3
Naples,1,3,24,5,2,21
Parish,5,2,22,3,2,18
Piercefield,,,11,1,2,11
Dannemora,1,1,33,2,1,8
Greenfield,6,4,67,8,6,52
Oriskany,1,,12,3,,
Northeast,,1,27,1,,8
Ridgeway,1,3,43,2,1,27
Carlton,2,1,28,,2,23
Santa Clara,1,1,9,,,6
Huron,2,4,17,5,2,18
Milo,1,5,36,,4,25
South Bristol,1,2,13,1,1,16
Corfu,3,,7,,,4
Marilla,3,3,17,10,1,21
Ava,,1,10,,,13
Silver Springs,3,,4,1,,1
Little Valley,1,2,18,1,3,13
Morristown,2,1,24,1,,14
Northumberland,1,2,30,,1,22
Woodhull,,2,11,,1,14
Durham,5,3,42,4,9,30
Preston,1,,7,2,1,13
Moira,4,2,15,2,,25
Interlaken,,,3,,,1
De Peyster,1,,3,,,3
Springfield,,2,16,,1,9
Westville,,,19,,,9
Newport,1,4,17,3,,14
Lincklaen,,,4,,,3
Stratford,1,,4,,,3
Panama,1,1,1,1,,
Great Valley,3,4,19,3,5,14
Addison,4,1,17,1,4,12
Sherman,3,1,10,3,,12
Rensselaerville,4,1,16,3,,8
Woodridge,3,,5,2,,
Island Park,1,,46,14,2,
Florence,2,2,8,,2,10
Penn Yan,6,1,26,3,1,2
Madrid,1,2,22,,2,20
Ellicottville,5,3,16,3,2,24
Bellerose,3,1,9,3,,
Walworth,12,2,52,9,4,55
Berlin,,,8,,,15
Kendall,3,1,13,1,2,16
Lyndon,,1,6,,1,1
Copake,6,3,20,1,1,12
Atlantic Beach,1,3,18,6,,
Honeoye Falls,6,,10,7,,3
Philadelphia,4,1,27,,,7
Slyvan Beach,,,15,2,1,
Fort Plain,,,16,1,2,4
Berkshire,1,,5,,,10
New Lebanon,2,3,18,3,3,15
Summit,,,11,1,,6
North Hudson,1,2,37,,2,16
Richville,1,,3,,,1
Butternuts,1,,14,,,7
Castorland,1,,1,,,
Head Of The Harbor,,,8,1,1,1
West Carthage,3,1,18,3,,1
Hopkinton,3,2,12,,2,10
Phoenix,1,1,10,7,1,4
Huntington Bay,2,,,1,,
Canadice,4,4,7,,,15
Northville,,,7,1,,3
Baldwin,1,,6,,,4
New Haven,2,3,27,1,,9
Mill Neck,,,14,7,2,6
Coeymans,2,4,59,7,,23
Orleans,4,2,18,2,2,18
Sea Cliff,5,,30,8,1,
Georgetown,2,2,13,1,,8
Roslyn Harbor,1,1,17,3,,4
Caton,4,1,8,,1,12
Wells,3,1,9,3,1,12
Valatie,,,22,2,1,2
Bronxville,8,,22,5,,2
West Bloomfield,2,2,14,3,1,24
Hague,2,1,15,3,,7
Andover,3,2,14,2,1,16
Danube,,,19,1,,19
Jewett,1,,8,,3,23
Cooperstown,7,,16,4,1,3
New Hudson,1,,8,1,,4
Shoreham,,,4,,,1
Alma,1,1,7,,,5
New Lisbon,4,1,11,,,4
Canisteo,8,3,31,3,5,30
Prattsburg,4,1,21,1,,13
Ashford,2,2,23,,1,12
Jay,2,2,10,,4,10
Seward,2,2,12,1,2,8
Constable,1,,14,1,1,9
Munnsville,1,,3,3,1,3
Fort Edward,4,,49,17,8,12
Leyden,2,1,6,,,19
Cambridge,8,3,27,2,3,15
Norway,,1,3,,,8
Gowanda,3,,24,6,,1
Hillsdale,6,,25,,1,11
Hounsfield,7,5,27,,8,29
Sinclairville,2,,5,1,,3
Hampton,1,2,8,,,10
Jefferson,5,,13,2,1,13
Warren,1,3,11,,,6
Eagle,1,5,12,,1,20
Bloomingburg,,,5,,1,
Brushton,1,1,1,2,,
Pound Ridge,5,1,21,,2,8
Locke,6,4,13,,3,22
Greig,1,2,9,,1,13
Pharsalia,1,,7,2,,8
Manorhaven,1,,23,7,,1
Orange,3,2,12,,4,10
Clymer,3,,13,,1,5
Greenwood Lake,2,,18,4,4,2
Odessa,2,,7,,,4
Day,1,,12,,,5
Randolph,3,,23,3,5,15
Union Springs,2,1,3,2,,
Burns,2,1,6,,,9
West Almond,1,2,5,,1,13
Venice,,1,14,,1,11
Cherry Valley,2,3,13,,,12
Martinsburg,2,2,14,,1,15
Nanticoke,,3,10,,1,13
Matinecock,,,17,,,2
Fine,1,3,15,1,2,9
Hadley,3,,15,1,2,10
Woodbury,6,1,29,10,2,8
Wilna,2,1,12,,2,4
Hunter,,3,26,7,6,15
Ancram,6,1,12,,,15
Cameron,3,,7,,1,8
Angola,3,,7,2,,
New Square,,,8,3,,1
New York Mills,3,,26,11,1,1
Fabius,4,2,17,1,2,17
Independence,,,9,,2,4
Waterville,2,1,7,2,1,2
Nichols,2,,37,2,2,35
Middleport,4,,6,,,2
Kiryas Joel,1,2,36,16,,2
Wheeler,,2,17,,,13
Kiantone,1,1,14,1,2,16
Sodus Point,,,3,1,,
Thurman,1,2,10,,,6
Argyle,4,1,36,1,2,14
Solon,2,,10,,,9
Dolgeville,7,,5,1,1,
Providence,1,,10,,,5
Heuvelton,1,1,7,3,,2
East Williston,,,23,14,,
Valley Falls,,,2,,,1
Carroll,5,1,11,1,,12
Pulteney,1,,4,,,5
Hartwick,4,2,36,1,3,17
Palatine Bridge,,,12,1,,2
Tusten,5,2,13,,1,8
Clifton Springs,3,1,9,3,,1
Holland Patent,1,,4,,1,
Fair Haven,,,3,2,,1
Newcomb,2,,5,1,2,2
Maryland,2,1,26,4,1,19
Saratoga,4,2,36,1,3,29
Milan,2,2,36,2,6,36
Cherry Creek,2,1,7,,1,10
Canajoharie,1,7,34,7,2,26
Dexter,1,,3,,,
Duane,1,,3,,1,3
Wellsburg,2,1,8,2,,1
Burke,,,12,1,1,11
Machias,2,,9,,,11
Bovina,1,,8,,2,5
Grandview On Hudson,,1,8,5,,2
Minerva,,,10,1,1,8
De Kalb,2,3,20,1,3,16
Inlet,1,,3,4,,3
Trumansburg,3,1,8,3,2,1
Mcdonough,,2,5,,,8
Allen,1,1,7,,,6
St. Johnsville,5,,14,4,2,11
Germantown,2,1,15,,1,11
Ward,,1,6,,,4
Charlotte,,1,9,,,8
Ovid,2,3,21,1,2,11
Antwerp,1,,16,,,10
Spencer,3,2,23,,4,16
Smithfield,,1,16,1,1,11
Millerton,5,1,15,1,,1
Hardenburgh,,,2,,,2
Chaumont,2,,5,,,
Harpersfield,3,,20,,,12
Arkport,2,,6,,,
Tyrone,1,2,18,2,1,14
Hammondsport,1,,7,2,,1
Wurtsboro,3,,11,2,1,2
Piermont,3,,25,11,1,5
Wirt,,,9,,,5
Orwell,,1,3,,3,4
Fairfield,,,12,,2,15
Oppenheim,,5,13,,1,16
Voorheesville,1,,11,1,1,1
Shelter Island,1,1,32,2,5,15
Catharine,1,1,8,,1,11
Torrey,,3,21,,1,19
Otisville,2,,9,3,,3
Pitcher,,,8,,,10
Newark Valley,1,3,21,1,,19
Birdsall,,1,5,,,2
Reading,1,1,20,,6,21
Bombay,3,,24,1,4,15
Poospatuck,,,2,1,,
Painted Post,5,2,19,4,2,
Thurston,3,,5,,1,5
Maybrook,,,5,1,,1
Weedsport,2,,13,,2,2
Holley,,1,9,1,,3
Speculator,3,,7,1,1,4
Lexington,,,11,,,7
Belfast,2,1,14,,1,13
Fleischmanns,2,1,3,,,
Sharon Springs,2,1,2,,1,3
Williamstown,2,2,8,1,2,8
Akron,8,1,9,2,1,3
Fort Covington,2,1,23,3,3,13
Mayville,2,,9,3,,
Portage,2,1,12,1,2,8
South Dayton,,,5,1,,
Perrysburg,2,1,15,1,1,8
Roseboom,1,,4,,,3
Harrisburg,5,4,8,1,,12
Bellmont,1,,22,,2,20
Salisbury,2,1,13,,1,9
Victory Mills/Victory,,,2,1,,
Hartsville,,,10,,,12
Dundee,1,,5,1,,3
Broome,,,8,,3,2
Morehouse,,1,6,,,4
Bradford,1,,7,,,5
Alexandria Bay,1,,9,2,,1
Fort Johnson,1,,8,,1,3
Centerville,,1,4,,,1
Smyrna,3,3,7,2,1,9
Harrisville,2,,4,,,1
Sackets Harbor,2,,1,2,,
Gallatin,3,1,24,1,3,17
Hewlett Bay Park,,,8,,,1
Lyndonville,,,3,1,,
Norwood,2,,11,,,2
Denning,2,,1,,2,1
Clayville,2,,5,,,2
Port Byron,1,1,3,,,4
Diana,1,,9,,,8
West Union,1,,4,,1,2
Clarksville,1,,11,,,8
Round Lake,2,,13,1,3,9
New Albion,,1,5,,3,12
Ravena,3,,22,4,1,5
Russell Gardens,,,17,2,,
Nissequoque,1,,12,,1,1
East Nassau,1,,6,,,3
Hewlett Harbor,,,8,1,1,3
Lorraine,1,1,8,,1,2
Chittenango,2,,15,6,3,10
Barneveld,1,,4,1,,2
Blasdell,2,,25,6,,
Oil Spring,,,2,1,,
Freetown,,1,4,,2,3
South Corning,2,,7,2,,
North Hornell,,1,7,,1,1
Shortsville,1,,7,1,,1
Arietta,,,7,1,,3
Persia,1,,5,1,,4
Hope,,,5,,,7
Celoron,1,1,3,1,,
Wampsville,3,,12,3,,
Philmont,1,,4,,,1
Cassadaga,,,5,1,,3
Brandon,,,1,,,2
Great Neck Estates,,,7,3,1,1
Petersburg,1,2,17,1,3,8
Harford,,,6,,,11
Richfield Springs,4,,6,2,,1
Margaretville,2,,8,3,,1
Tivoli,1,,6,1,,2
Black River,1,,7,,,3
Ames,1,,1,,,1
Kensington,,,4,2,,
Tompkins,2,,10,,2,5
Pinckney,2,2,1,,,2
Constableville,1,,2,,,1
Cattaraugus,,,4,2,,2
Rouses Point,,,5,1,,1
Saddle Rock,,,5,3,,
Woodsburgh,,,4,1,,
Savona,1,,11,1,,6
Port Leyden,2,,1,1,,4
Blenheim,4,1,3,,,3
Redfield,5,1,6,1,1,7
Plandome Manor,,,11,2,,
Hermon,1,,4,,1,12
Richburg,,,1,1,1,1
Pomona,1,,6,2,,9
Conesville,2,,4,,,3
Jordan,,1,2,2,,2
Nelliston,,,5,,1,2
Bleecker,,,3,,,3
Genesee Falls,,2,17,2,,5
Farnham,,1,4,4,,
Limestone,1,,,,,1
Jeffersonville,2,,5,1,2,
Keeseville,,,7,,,
Plandome Heights,1,,4,,,
Cold Brook,,,1,,,1
Troupsburg,1,,3,,,6
Earlville,2,,1,1,1,1
Bemus Point,2,,2,,1,1
Belmont,1,1,2,4,,
Sempronius,,,6,,1,7
Deferiet,1,,2,,,1
Sands Point,,,7,,,5
South Floral Park,,,1,1,,
Old Field,,,2,,1,1
Middleville,2,,3,2,,
Otto,1,,7,,,2
Clare,2,,2,,,
Youngstown,,1,3,,1,1
Cleveland,,,2,,,1
Nelsonville,,,4,,1,
Oriskany Falls,1,,3,,,1
Shinnecock,,,1,,,1
Worth,,,,,1,2
Wyoming,,1,1,,,
Gilbertsville,,,1,1,,1
Plandome,,,7,,,
Meridian,1,,,,,
Montague,,,,,1,1
Granger,2,1,9,,1,3
Prospect,,,1,,,1
Copenhagen,2,,1,3,,1
Osceola,,,2,,,
Saltaire,,,2,,,
Burdett,,,1,,,3
Roslyn Estates,,,3,,,
Cayuga,1,,2,1,,
Hewlett Neck,,,1,,,1
Halcott,,,,,1,2
Stark,1,,4,,,3
Canaseraga,1,,,,,1
Forestville,2,,,1,,1
Belle Terre,,,1,,,
Hagaman,,,3,1,,
Poquott,,,1,,,
Rensselaer Falls,,,1,,,1
Kings Point,1,,2,2,1,
Delanson,,,,,1,
Millport,,,1,,,
Altmar,,,1,,,
Delevan,,,1,,,1
Rushville,,,2,,,
